{
  "project_info": {
    "project_number": "283648596287",
    "firebase_url": "https://teamperformanceapp.firebaseio.com",
    "project_id": "teamperformanceapp",
    "storage_bucket": "teamperformanceapp.appspot.com"
  },
  "client": [
    {
      "client_info": {
        "mobilesdk_app_id": "1:283648596287:android:98437f211f462d6c",
        "android_client_info": {
          "package_name": "com.pajaroquillo.teamperformanceapp"
        }
      },
      "oauth_client": [
        {
          "client_id": "283648596287-4kkkq92b6ik8d7h5vgunjn3s79b4aq1p.apps.googleusercontent.com",
          "client_type": 3
        }
      ],
      "api_key": [
        {
          "current_key": "AIzaSyAENU0h_VGp8Rua2CrbN7BWMrVDG3Zhto4"
        }
      ],
      "services": {
        "analytics_service": {
          "status": 1
        },
        "appinvite_service": {
          "status": 1,
          "other_platform_oauth_client": []
        },
        "ads_service": {
          "status": 2
        }
      }
    }
  ],
  "configuration_version": "1"
}